Primary Type,arrest_rate,n
THEFT,0.14244443351691582,162688
BATTERY,0.21787665372210888,151930
CRIMINAL DAMAGE,0.0765006959590535,91241
NARCOTICS,0.9988128482199469,74127
ASSAULT,0.2108008137599408,54070
MOTOR VEHICLE THEFT,0.10838454241761868,48494
BURGLARY,0.06736556982343499,39872
OTHER OFFENSE,0.23768736616702354,36893
ROBBERY,0.0982543319028105,30991
DECEPTIVE PRACTICE,0.22759573628108962,30396
